likes,views,content,userID,postID
5368,5759,Suspendisse accumsan tortor quis turpis. Sed ante.,1,1
1171,9968,Ut at dolor quis odio consequat varius.,12,2
3739,7140,"Aliquam augue quam, sollicitudin vitae, consectetuer eget, rutrum at, lorem. Integer tincidunt ante vel ipsum. Praesent blandit lacinia erat.",27,3
7762,1049,Nunc rhoncus dui vel sem. Sed sagittis.,43,4
5602,7361,Etiam pretium iaculis justo. In hac habitasse platea dictumst.,39,5
992,6755,Aenean auctor gravida sem.,24,6
3256,9220,Nam nulla.,22,7
1423,7690,Integer a nibh. In quis justo.,41,8
6301,8157,Sed ante.,7,9
9370,5397,Duis at velit eu est congue elementum. In hac habitasse platea dictumst.,46,10
4686,4896,Sed ante. Vivamus tortor.,33,11
2979,3356,Maecenas ut massa quis augue luctus tincidunt.,17,12
9012,690,Etiam faucibus cursus urna. Ut tellus. Nulla ut erat id mauris vulputate elementum.,5,13
4416,2040,"Maecenas tristique, est et tempus semper, est quam pharetra magna, ac consequat metus sapien ut nunc. Vestibulum ante ipsum primis in faucibus orci luctus et ultrices posuere cubilia Curae; Mauris viverra diam vitae quam. Suspendisse potenti.",20,14
3755,7213,"Quisque porta volutpat erat. Quisque erat eros, viverra eget, congue eget, semper rutrum, nulla.",45,15
5398,9175,Praesent blandit.,35,16
1949,5570,"Cras in purus eu magna vulputate luctus. Cum sociis natoque penatibus et magnis dis parturient montes, nascetur ridiculus mus. Vivamus vestibulum sagittis sapien.",38,17
5701,7085,Aenean fermentum. Donec ut mauris eget massa tempor convallis.,29,18
1080,5945,Duis bibendum. Morbi non quam nec dui luctus rutrum.,14,19
9219,6939,Fusce posuere felis sed lacus.,42,20
7328,5233,Phasellus in felis. Donec semper sapien a libero. Nam dui.,36,21
3318,4664,Nullam porttitor lacus at turpis.,50,22
7343,8316,"Cras in purus eu magna vulputate luctus. Cum sociis natoque penatibus et magnis dis parturient montes, nascetur ridiculus mus.",47,23
6,3109,Vestibulum rutrum rutrum neque.,25,24
9017,4396,Donec posuere metus vitae ipsum. Aliquam non mauris. Morbi non lectus.,44,25
32,1107,Sed accumsan felis. Ut at dolor quis odio consequat varius.,3,26
5373,1404,Nulla tempus. Vivamus in felis eu sapien cursus vestibulum.,49,27
9195,5299,Proin interdum mauris non ligula pellentesque ultrices.,31,28
3885,8027,"Nam nulla. Integer pede justo, lacinia eget, tincidunt eget, tempus vel, pede.",9,29
7884,168,Etiam pretium iaculis justo. In hac habitasse platea dictumst. Etiam faucibus cursus urna.,15,30
6960,4163,"Quisque porta volutpat erat. Quisque erat eros, viverra eget, congue eget, semper rutrum, nulla.",11,31
1249,4526,"Morbi porttitor lorem id ligula. Suspendisse ornare consequat lectus. In est risus, auctor sed, tristique in, tempus sit amet, sem.",16,32
8957,5274,"Morbi vel lectus in quam fringilla rhoncus. Mauris enim leo, rhoncus sed, vestibulum sit amet, cursus id, turpis. Integer aliquet, massa id lobortis convallis, tortor risus dapibus augue, vel accumsan tellus nisi eu orci.",28,33
5476,2407,"Nam ultrices, libero non mattis pulvinar, nulla pede ullamcorper augue, a suscipit nulla elit ac nulla. Sed vel enim sit amet nunc viverra dapibus.",48,34
5056,7720,Aliquam quis turpis eget elit sodales scelerisque. Mauris sit amet eros. Suspendisse accumsan tortor quis turpis.,13,35
3062,6783,Vivamus tortor.,4,36
7034,9405,"Nulla ac enim. In tempor, turpis nec euismod scelerisque, quam turpis adipiscing lorem, vitae mattis nibh ligula nec sem.",32,37
3036,9420,In sagittis dui vel nisl.,23,38
75,2032,Duis aliquam convallis nunc. Proin at turpis a pede posuere nonummy.,2,39
2706,8505,In hac habitasse platea dictumst. Maecenas ut massa quis augue luctus tincidunt. Nulla mollis molestie lorem.,19,40
4643,6257,Etiam pretium iaculis justo. In hac habitasse platea dictumst. Etiam faucibus cursus urna.,10,41
3668,4897,Donec posuere metus vitae ipsum. Aliquam non mauris.,6,42
7357,436,Nulla facilisi. Cras non velit nec nisi vulputate nonummy. Maecenas tincidunt lacus at velit.,40,43
7780,8945,"Nam dui. Proin leo odio, porttitor id, consequat in, consequat ut, nulla. Sed accumsan felis.",34,44
4689,4902,Integer ac neque.,37,45
6080,4024,Morbi a ipsum. Integer a nibh. In quis justo.,26,46
6541,5375,"Lorem ipsum dolor sit amet, consectetuer adipiscing elit. Proin risus.",21,47
8038,988,Proin at turpis a pede posuere nonummy.,18,48
8113,5742,"Morbi sem mauris, laoreet ut, rhoncus aliquet, pulvinar sed, nisl. Nunc rhoncus dui vel sem.",8,49
2768,7102,Nulla facilisi. Cras non velit nec nisi vulputate nonummy.,30,50
