groupID,description
1,Morbi non lectus.
2,Morbi vel lectus in quam fringilla rhoncus.
3,"In hac habitasse platea dictumst. Aliquam augue quam, sollicitudin vitae, consectetuer eget, rutrum at, lorem. Integer tincidunt ante vel ipsum."
4,"Duis at velit eu est congue elementum. In hac habitasse platea dictumst. Morbi vestibulum, velit id pretium iaculis, diam erat fermentum justo, nec condimentum neque sapien placerat ante."
5,"Curabitur in libero ut massa volutpat convallis. Morbi odio odio, elementum eu, interdum eu, tincidunt in, leo. Maecenas pulvinar lobortis est."
6,Phasellus sit amet erat.
7,Suspendisse potenti. Nullam porttitor lacus at turpis. Donec posuere metus vitae ipsum.
8,"Integer non velit. Donec diam neque, vestibulum eget, vulputate ut, ultrices vel, augue."
9,Morbi a ipsum.
10,"Nunc nisl. Duis bibendum, felis sed interdum venenatis, turpis enim blandit mi, in porttitor pede justo eu massa."
11,Proin eu mi.
12,"Donec odio justo, sollicitudin ut, suscipit a, feugiat et, eros."
13,Aliquam erat volutpat. In congue. Etiam justo.
14,Aenean lectus.
15,Quisque ut erat. Curabitur gravida nisi at nibh. In hac habitasse platea dictumst.
16,Cras non velit nec nisi vulputate nonummy. Maecenas tincidunt lacus at velit. Vivamus vel nulla eget eros elementum pellentesque.
17,Vivamus vestibulum sagittis sapien.
18,Proin eu mi.
19,Praesent blandit lacinia erat. Vestibulum sed magna at nunc commodo placerat.
20,"Fusce congue, diam id ornare imperdiet, sapien urna pretium nisl, ut volutpat sapien arcu sed augue. Aliquam erat volutpat."
21,Nulla tellus.
22,Sed ante.
23,"Vivamus metus arcu, adipiscing molestie, hendrerit at, vulputate vitae, nisl. Aenean lectus."
24,"Nam congue, risus semper porta volutpat, quam pede lobortis ligula, sit amet eleifend pede libero quis orci. Nullam molestie nibh in lectus."
25,Morbi non lectus. Aliquam sit amet diam in magna bibendum imperdiet.
26,"Nunc nisl. Duis bibendum, felis sed interdum venenatis, turpis enim blandit mi, in porttitor pede justo eu massa. Donec dapibus."
27,"Vivamus metus arcu, adipiscing molestie, hendrerit at, vulputate vitae, nisl."
28,Nulla ut erat id mauris vulputate elementum. Nullam varius. Nulla facilisi.
29,Mauris lacinia sapien quis libero. Nullam sit amet turpis elementum ligula vehicula consequat. Morbi a ipsum.
30,Ut tellus. Nulla ut erat id mauris vulputate elementum.
31,Duis at velit eu est congue elementum.
32,Etiam faucibus cursus urna.
33,Donec posuere metus vitae ipsum. Aliquam non mauris. Morbi non lectus.
34,Cras non velit nec nisi vulputate nonummy.
35,"Nam congue, risus semper porta volutpat, quam pede lobortis ligula, sit amet eleifend pede libero quis orci. Nullam molestie nibh in lectus."
36,Aliquam erat volutpat. In congue.
37,Vestibulum ante ipsum primis in faucibus orci luctus et ultrices posuere cubilia Curae; Mauris viverra diam vitae quam. Suspendisse potenti.
38,Integer tincidunt ante vel ipsum. Praesent blandit lacinia erat. Vestibulum sed magna at nunc commodo placerat.
39,Aliquam sit amet diam in magna bibendum imperdiet.
40,"Aenean fermentum. Donec ut mauris eget massa tempor convallis. Nulla neque libero, convallis eget, eleifend luctus, ultricies eu, nibh."
41,Nulla mollis molestie lorem. Quisque ut erat. Curabitur gravida nisi at nibh.
42,Fusce posuere felis sed lacus.
43,"Nam dui. Proin leo odio, porttitor id, consequat in, consequat ut, nulla. Sed accumsan felis."
44,Vestibulum ante ipsum primis in faucibus orci luctus et ultrices posuere cubilia Curae; Duis faucibus accumsan odio. Curabitur convallis.
45,"Maecenas tristique, est et tempus semper, est quam pharetra magna, ac consequat metus sapien ut nunc. Vestibulum ante ipsum primis in faucibus orci luctus et ultrices posuere cubilia Curae; Mauris viverra diam vitae quam."
46,Suspendisse potenti. Nullam porttitor lacus at turpis.
47,"Cum sociis natoque penatibus et magnis dis parturient montes, nascetur ridiculus mus. Etiam vel augue. Vestibulum rutrum rutrum neque."
48,Praesent id massa id nisl venenatis lacinia.
49,Integer a nibh.
50,"Lorem ipsum dolor sit amet, consectetuer adipiscing elit. Proin risus."
